objectid,filename,title,creator,date,description,subject,format
poster01,1986.04.06.jpg,"""Prelude to Swing Plus 50"" Poster",African American Arts Institute,1986-04-06,"Poster advertising ""Prelude to Swing Plus"" event","African American Dance Company, African American Choral Ensemble, Soul Revue, African American Arts Institute",image/jpg
poster02,1990.04.14.jpg,Afro-American Dance Company 1990 Poster,African American Arts Institute,1990-04-14,Poster advertising a performance by the Afro-American Dance Company ,"African American Dance Company, African American Arts Institute",image/jpg
poster03,1992.04.18.jpg,Afro-American Dance Company 1992 Poster,African American Arts Institute,1992-04-18,Poster advertising a spring performance by the Afro-American Dance Company,"African American Dance Company, African American Arts Institute",image/jpg
poster04,1993.05.jpg,African American Dance Company WTIU Poster,WTIU,1993-05,Poster advertising the African American Dance Company's appearance on WTIU,"African American Dance Company, African American Arts Institute, WTIU",image/jpg
poster05,1994.02.17.jpg,Afro-American Choral Ensemble with Indianapolis Symphony Orchestra Poster,Indianapolis Symphony Orchestra,1994-02-17,Poster advertising the Afro-American Choral Ensemble's performance with the Indianapolis Symphony Orchestra,"Afro-American Choral Ensemble, Indianapolis Symphony Orchestra, African American Arts Institute",image/jpg
poster06,1997.04.20.jpg,"African American Choral Ensemble ""S.T. - Sojourner Truth: Choral Portraits"" Poster",African American Arts Institute,1997-04-20,"Poster advertising the African American Choral Ensemble's performance of ""S.T. - Sojourner Truth: Choral Portraits""","Afro-American Choral Ensemble, African American Arts Institute",image/jpg
poster07,1999.04.17.jpg,African American Dance Company 25th Anniversary Poster,African American Arts Institute,1999-04-17,Poster advertising the African American Dance Company's 25th anniversary performance,"African American Dance Company, African American Arts Institute",image/jpg
poster08,2000.04.08.jpg,"Soul Revue ""Soul Revival 2000"" Poster",African American Arts Institute,2000-04-08,"Poster advertising the IU Soul Revue's ""Soul Revival 2000"" performance","IU Soul Revue, African American Arts Institute",image/jpg
poster09,2000.04.16.jpg,African American Choral Ensemble 25th Anniversary Poster,African American Arts Institute,2000-04-16,Poster advertising the African American Choral Ensemble's 25th anniversary performance,"African American Choral Ensemble, African American Arts Institute",image/jpg
poster10,2001.04.07.jpg,African American Arts Institute at the Buskirk-Chumley Poster,African American Arts Institute,2001-04-07,Poster advertising the African American Art Institute's performances at the Buskirk-Chumley,"African American Dance Company, African American Choral Ensemble, Soul Revue, African American Arts Institute, Buskirk-Chumley Theater",image/jpg
poster11,2002.04.19.jpg,"""One Nation Under a Groove"" Bloomington-Herald Times Newspaper",Bloomington-Herald Times,2002-04-19,Newspaper page advertising the 30th anniversary of IU Soul Revue in an edition of the Bloomington-Herald Times,"Soul Revue, African American Arts Institute, Bloomington-Herald Times",image/jpg
poster12,2002.04.20.jpg,IU Soul Revue 30th Anniversary Poster,African American Arts Institute,2002-04-20,Poster advertising the 30th anniversary IU Soul Revue performance,"Soul Revue, African American Arts Institute",image/jpg
poster13,2002.11.01.jpg,"A Potpourri of the Arts ""The Best is Yet to Come"" Poster",African American Arts Insititute,2002-11-01,"Poster advertising A Potpourri of the Arts' ""The Best is Yet to Come"" performance","African American Dance Company, African American Choral Ensemble, Soul Revue, African American Arts Institute",image/jpg
poster14,2003.03.20.jpg,IU Soul Revue March 2003 Poster,African American Arts Institute,2003-03-20,Poster advertising a 2003 performance by IU Soul Revue,"Soul Revue, African American Arts Institute",image/jpg
poster15,2003.04.05.jpg,African American Dance Company Spring Concert 2003 Poster,African American Arts Institute,2003-04-05,Poster advertising the 2003 spring concert of the African American Dance Company,"African American Dance Company, African American Arts Institute, Buskirk-Chumley Theater",image/jpg
poster16,2003.04.11.jpg,"African American Choral Ensemble ""The Gospel at Colonus"" Poster",African American Arts Institute,2003-04-11,"Poster advertising the African American Choral Ensemble's performances of ""The Gospel at Colonus""","African American Choral Ensemble, African American Arts Institute, Buskirk-Chumley Theater",image/jpg
poster17,2003.04.26.jpg,IU Soul Revue April 2003 Poster,African American Arts Institute,2003-04-26,Poster advertising a performance by IU Soul Revue,"Soul Revue, African American Arts Institute, Buskirk-Chumley Theater",image/jpg
poster18,2003.11.08.jpg,"10th Annual A Potpourri of the Arts ""In the African Tradition"" Poster",African American Arts Institute,2003-11-08,"Poster advertising the 10th annual A Potpourri of the Arts ""In the African Tradition""","African American Dance Company, African American Choral Ensemble, Soul Revue, African American Arts Institute, Buskirk-Chumley Theater",image/jpg
poster19,2004.04.10.jpg,African American Dance Company 30th Concert Celebration Poster,African American Arts Insititute,2004-04-10,Poster advertising the 30th anniversary performance of the African American Dance Company,"African American Dance Company, African American Arts Institute, Buskirk-Chumley Theater",image/jpg
poster20,2004.04.17.jpg,African American Choral Ensemble April 2004 Poster,African American Arts Institute,2004-04-17,Poster advertising the April 2004 performance by the African American Choral Ensemble,"African American Choral Ensemble, African American Arts Institute, Buskirk-Chumley Theater",image/jpg
poster21,2004.04.24.jpg,IU Soul Revue April 2004 Poster,African American Arts Institute,2004-04-24,Poster advertising the April 2004 performance by IU Soul Revue,"Soul Revue, African American Arts Institute, Buskirk-Chumley Theater",image/jpg
poster22,2006.04.14.jpg,IU Soul Revue April 2006 Poster,African American Arts Institute,2006-04-14,Poster advertising the April 2006 performance by IU Soul Revue,"Soul Revue, African American Arts Institute, Buskirk-Chumley Theater",image/jpg
poster23,2014.02.23.jpg,"""Extensions of the Traditions: Chamber Works of Black Composers"" Poster","African American Arts Insititute, Jacobs School of Music",2014-02-23,"Poster advertising the AAAI's performance of ""Extensions of the Traditions"" with Jacobs School of Music","African American Arts Institute, Jacobs School of Music",image/jpg
poster24,2016.11.05.jpg,23rd Annual Potpourri of the Arts Poster,African American Arts Institute,2016-11-05,Poster advertising the 23rd annual Potpourri of the Arts performance,"African American Dance Company, African American Choral Ensemble, Soul Revue, African American Arts Institute",image/jpg
poster25,2019.11.09.jpg,Potpourri of the Arts 2019 Poster,African American Arts Institute,2019-11-09,Poster advertising the 2019 Potpourri of the Arts performance,"African American Dance Company, African American Choral Ensemble, Soul Revue, African American Arts Institute",image/jpg
poster26,2021.11.14.jpg,27th Annural Potpourri of the Arts Poster,African American Arts Institute,2021-11-14,Poster advertising the 26th annual Potpourri of the Arts Performance,"African American Dance Company, African American Choral Ensemble, Soul Revue, African American Arts Institute",image/jpg
poster27,2022.03.04.jpg,"African American Dance Company ""Black to the Future"" Poster",African American Arts Institute,2022-03-04,"Poster advertising the 24th annual workshop for the African American Dance Company, titled ""Black to the Future""","African American Dance Company, African American Arts Institute",image/jpg
poster28,2022.04.23.jpg,IU Soul Revue 50th Anniversary Concert Poster,African American Arts Institute,2022-04-23,Poster advertising the 50th anniversary performance of IU Soul Revue,"Soul Revue, African American Arts Institute",image/jpg
poster29,2022.11.12.jpg,28th Annual Potpourri of the Arts Poster,African American Arts Institute,2022-11-12,Poster advertising the 28th annual Potpourri of the Arts performance,"African American Dance Company, African American Choral Ensemble, Soul Revue, African American Arts Institute",image/jpg
poster30,2023.03.03.jpg,"25th Annual ""Kukusanya International Africanist Dance Intensive: Women in Drum and Dance"" Poster",African American Arts Institute,2023-03-03,"Poster advertising the 25th annual ""Kukusanya International Africanist Dance Intensive"" workshop","African American Dance Company, African American Arts Institute",image/jpg
poster31,2023.04.23.jpg,"AAAI Records ""Inspire Me"" Promotional Poster","African American Arts Institute, AAAI Records",2023-04-23,"Poster advertising the African American Choral Ensemble's debut album ""Inspire Me,"" produced by the newly created AAAI Records","African American Choral Ensemble, African American Arts Institute, AAAI Records",image/jpg
poster32,2023.11.11.jpg,"29th Annual Potpourri of the Arts ""Road to 50"" Poster",African American Arts Institute,2023-11-11,"Poster advertising the 29th annual Potpourri of the Arts ""Road to 50"" performance","African American Dance Company, African American Choral Ensemble, Soul Revue, African American Arts Institute",image/jpg
poster33,2024.04.13.jpg,"African American Dance Company ""Dancing in the Black"" Poster",African American Arts Institute,2024-04-13,"Poster advertising the African American Dance Company's ""Dancing in the Black"" performance","African American Dance Company, African American Arts Institute",image/jpg
poster34,2024.04.20.jpg,"IU Soul Revue ""A Taste of Soul"" Grooving on the Road to 50 Poster",African American Arts Institute,2024-04-20,"Poster advertising IU Soul Revue's ""A Taste of Soul"" performance","Soul Revue, African American Arts Institute",image/jpg

poster35,2024.04.27.jpg,"African American Choral Ensemble ""Singing on the Road to 50"" Poster",African American Arts Institute,2024-04-27,"Poster advertising the African American Choral Ensemble's ""Singing on the Road to 50"" performance","African American Choral Ensemble, African American Arts Institute",image/jpg
